achoo,🤧;😷;🤒;🤕;🦠
achoo!,🤧;😷;🤒;🤕;🦠
ahh,😌;😣;😨
aww,😊;😘;😗;😙;🤩
aw,😊;😘;😗;😙;🤩
awww,😊;😘;😗;😙;🤩
aww...,😊;😘;😗;😙;🤩
bleh,😔;😒;😣;😞;😩
bleh!,😔;😒;😣;😞;😩
boo,😢;😭;😰;😥;👎
boo!,😢;😭;😰;😥;👎
cha-ching,🤑;💰;💲;💳;💵
kaching,🤑;💰;💲;💳;💵
ka-ching,🤑;💰;💲;💳;💵
chaching,🤑;💰;💲;💳;💵
cha-ching!,🤑;💰;💲;💳;💵
dang,😞;😔;😬;😳;😰
dang!,😞;😔;😬;😳;😰
eek,😬;😱;😯
eek!,😬;😱;😯
ew,🤢;🤮;👎;☠️;😝
eww,🤢;🤮;👎;☠️;😝
ewww,🤢;🤮;👎;☠️;😝
ew...,🤢;🤮;👎;☠️;😝
ew!,🤢;🤮;👎;☠️;😝
fantastic,👍
grr,😤;😠;😡;😾;😣
gr,😤;😠;😡;😾;😣
grrr,😤;😠;😡;😾;😣
grr!,😤;😠;😡;😾;😣
gr...,😤;😠;😡;😾;😣
ha,😄;😆;😅;😂;🤣
haha,😄;😆;😅;😂;🤣
hahaha,😄;😆;😅;😂;🤣
ha!,😄;😆;😅;😂;🤣
hmm,🙃;🤨;🤔;🧐
hm,🙃;🤨;🤔;🧐
hmmm,🙃;🤨;🤔;🧐
hm...,🙃;🤨;🤔;🧐
huh,🤔;😬
huh!,🤔;😬
ick,🤢;🤮;🦠;😝
ick!,🤢;🤮;🦠;😝
lmao,😄;😅;😂;🤣;😝
lol,😄;😅;😂;🤣;😝
lolol,😄;😅;😂;🤣;😝
noooo,😱;🙅;🙅‍♀️;🙅‍♂️;👎
noo,😱;🙅;🙅‍♀️;🙅‍♂️;👎
nooo,😱;🙅;🙅‍♀️;🙅‍♂️;👎
nooo!,😱;🙅;🙅‍♀️;🙅‍♂️;👎
nooo...,😱;🙅;🙅‍♀️;🙅‍♂️;👎
phew,😌
phew!,😌
shh,🤫;🤐;🙉;🙊
shhh,🤫;🤐;🙉;🙊
shh...,🤫;🤐;🙉;🙊
ugh,🤦;🤦‍♀️;🤦‍♂️;🤷;🙄
ugh!,🤦;🤦‍♀️;🤦‍♂️;🤷;🙄
uhh,😶;🙅;🙅‍♀️;🙅‍♂️;😬
uh,😶;🙅;🙅‍♀️;🙅‍♂️;😬
uhhh,😶;🙅;🙅‍♀️;🙅‍♂️;😬
huh,😶;🙅;🙅‍♀️;🙅‍♂️;😬
uhh!,😶;🙅;🙅‍♀️;🙅‍♂️;😬
umm,😶;😐;😑;🙃;🤨
um,😶;😐;😑;🙃;🤨
ummm,😶;😐;😑;🙃;🤨
umm...,😶;😐;😑;🙃;🤨
waa,☹️;😫;😩;😢;😭
waa!,☹️;😫;😩;😢;😭
woah,🤯;😱;👀;😮
woah!,🤯;😱;👀;😮
woo,😀;😃;😄;😁;🙌
wooo,😀;😃;😄;😁;🙌
woohoo,😀;😃;😄;😁;🙌
woot,😀;😃;😄;😁;🙌
woo!,😀;😃;😄;😁;🙌
wow,😄;🤩;🤯;🙌;🎉
wow!,😄;🤩;🤯;🙌;🎉
yikes,😟;😬;😖;😱;😨
yikes!,😟;😬;😖;😱;😨
yuck,🤢;🤮
yuck!,🤢;🤮
yum,🤤;😋
yum!,🤤;😋
zzz,💤;😪;😴;🛌;🥱
