🙇,🙇,🙇🏻,🙇🏼,🙇🏽,🙇🏾,🙇🏿,🙇‍♀️,🙇🏻‍♀️,🙇🏼‍♀️,🙇🏽‍♀️,🙇🏾‍♀️,🙇🏿‍♀️,🙇‍♂️,🙇🏻‍♂️,🙇🏼‍♂️,🙇🏽‍♂️,🙇🏾‍♂️,🙇🏿‍♂️
🙋,🙋,🙋🏻,🙋🏼,🙋🏽,🙋🏾,🙋🏿,🙋‍♀️,🙋🏻‍♀️,🙋🏼‍♀️,🙋🏽‍♀️,🙋🏾‍♀️,🙋🏿‍♀️,🙋‍♂️,🙋🏻‍♂️,🙋🏼‍♂️,🙋🏽‍♂️,🙋🏾‍♂️,🙋🏿‍♂️
💁,💁,💁🏻,💁🏼,💁🏽,💁🏾,💁🏿,💁‍♀️,💁🏻‍♀️,💁🏼‍♀️,💁🏽‍♀️,💁🏾‍♀️,💁🏿‍♀️,💁‍♂️,💁🏻‍♂️,💁🏼‍♂️,💁🏽‍♂️,💁🏾‍♂️,💁🏿‍♂️
🙆,🙆,🙆🏻,🙆🏼,🙆🏽,🙆🏾,🙆🏿,🙆‍♀️,🙆🏻‍♀️,🙆🏼‍♀️,🙆🏽‍♀️,🙆🏾‍♀️,🙆🏿‍♀️,🙆‍♂️,🙆🏻‍♂️,🙆🏼‍♂️,🙆🏽‍♂️,🙆🏾‍♂️,🙆🏿‍♂️
🙅,🙅,🙅🏻,🙅🏼,🙅🏽,🙅🏾,🙅🏿,🙅‍♀️,🙅🏻‍♀️,🙅🏼‍♀️,🙅🏽‍♀️,🙅🏾‍♀️,🙅🏿‍♀️,🙅‍♂️,🙅🏻‍♂️,🙅🏼‍♂️,🙅🏽‍♂️,🙅🏾‍♂️,🙅🏿‍♂️
🤷,🤷,🤷🏻,🤷🏼,🤷🏽,🤷🏾,🤷🏿,🤷‍♀️,🤷🏻‍♀️,🤷🏼‍♀️,🤷🏽‍♀️,🤷🏾‍♀️,🤷🏿‍♀️,🤷‍♂️,🤷🏻‍♂️,🤷🏼‍♂️,🤷🏽‍♂️,🤷🏾‍♂️,🤷🏿‍♂️
🤦,🤦,🤦🏻,🤦🏼,🤦🏽,🤦🏾,🤦🏿,🤦‍♀️,🤦🏻‍♀️,🤦🏼‍♀️,🤦🏽‍♀️,🤦🏾‍♀️,🤦🏿‍♀️,🤦‍♂️,🤦🏻‍♂️,🤦🏼‍♂️,🤦🏽‍♂️,🤦🏾‍♂️,🤦🏿‍♂️
🙍,🙍,🙍🏻,🙍🏼,🙍🏽,🙍🏾,🙍🏿,🙍‍♀️,🙍🏻‍♀️,🙍🏼‍♀️,🙍🏽‍♀️,🙍🏾‍♀️,🙍🏿‍♀️,🙍‍♂️,🙍🏻‍♂️,🙍🏼‍♂️,🙍🏽‍♂️,🙍🏾‍♂️,🙍🏿‍♂️
🙎,🙎,🙎🏻,🙎🏼,🙎🏽,🙎🏾,🙎🏿,🙎‍♀️,🙎🏻‍♀️,🙎🏼‍♀️,🙎🏽‍♀️,🙎🏾‍♀️,🙎🏿‍♀️,🙎‍♂️,🙎🏻‍♂️,🙎🏼‍♂️,🙎🏽‍♂️,🙎🏾‍♂️,🙎🏿‍♂️
🧏,🧏,🧏🏻,🧏🏼,🧏🏽,🧏🏾,🧏🏿,🧏‍♀️,🧏🏻‍♀️,🧏🏼‍♀️,🧏🏽‍♀️,🧏🏾‍♀️,🧏🏿‍♀️,🧏‍♂️,🧏🏻‍♂️,🧏🏼‍♂️,🧏🏽‍♂️,🧏🏾‍♂️,🧏🏿‍♂️
💆,💆,💆🏻,💆🏼,💆🏽,💆🏾,💆🏿,💆‍♀️,💆🏻‍♀️,💆🏼‍♀️,💆🏽‍♀️,💆🏾‍♀️,💆🏿‍♀️,💆‍♂️,💆🏻‍♂️,💆🏼‍♂️,💆🏽‍♂️,💆🏾‍♂️,💆🏿‍♂️
💇,💇,💇🏻,💇🏼,💇🏽,💇🏾,💇🏿,💇‍♀️,💇🏻‍♀️,💇🏼‍♀️,💇🏽‍♀️,💇🏾‍♀️,💇🏿‍♀️,💇‍♂️,💇🏻‍♂️,💇🏼‍♂️,💇🏽‍♂️,💇🏾‍♂️,💇🏿‍♂️
🧖,🧖,🧖🏻,🧖🏼,🧖🏽,🧖🏾,🧖🏿,🧖‍♀️,🧖🏻‍♀️,🧖🏼‍♀️,🧖🏽‍♀️,🧖🏾‍♀️,🧖🏿‍♀️,🧖‍♂️,🧖🏻‍♂️,🧖🏼‍♂️,🧖🏽‍♂️,🧖🏾‍♂️,🧖🏿‍♂️
🛀,🛀,🛀🏻,🛀🏼,🛀🏽,🛀🏾,🛀🏿
🛌,🛌,🛌🏻,🛌🏼,🛌🏽,🛌🏾,🛌🏿
🧘,🧘,🧘🏻,🧘🏼,🧘🏽,🧘🏾,🧘🏿,🧘‍♀️,🧘🏻‍♀️,🧘🏼‍♀️,🧘🏽‍♀️,🧘🏾‍♀️,🧘🏿‍♀️,🧘‍♂️,🧘🏻‍♂️,🧘🏼‍♂️,🧘🏽‍♂️,🧘🏾‍♂️,🧘🏿‍♂️
🧍,🧍,🧍🏻,🧍🏼,🧍🏽,🧍🏾,🧍🏿,🧍‍♀️,🧍🏻‍♀️,🧍🏼‍♀️,🧍🏽‍♀️,🧍🏾‍♀️,🧍🏿‍♀️,🧍‍♂️,🧍🏻‍♂️,🧍🏼‍♂️,🧍🏽‍♂️,🧍🏾‍♂️,🧍🏿‍♂️
🤸,🤸,🤸🏻,🤸🏼,🤸🏽,🤸🏾,🤸🏿,🤸‍♀️,🤸🏻‍♀️,🤸🏼‍♀️,🤸🏽‍♀️,🤸🏾‍♀️,🤸🏿‍♀️,🤸‍♂️,🤸🏻‍♂️,🤸🏼‍♂️,🤸🏽‍♂️,🤸🏾‍♂️,🤸🏿‍♂️
🧎,🧎,🧎🏻,🧎🏼,🧎🏽,🧎🏾,🧎🏿,🧎‍➡️,🧎🏻‍➡️,🧎🏼‍➡️,🧎🏽‍➡️,🧎🏾‍➡️,🧎🏿‍➡️,🧎‍♀️,🧎🏻‍♀️,🧎🏼‍♀️,🧎🏽‍♀️,🧎🏾‍♀️,🧎🏿‍♀️,🧎‍♀️‍➡️,🧎🏻‍♀️‍➡️,🧎🏼‍♀️‍➡️,🧎🏽‍♀️‍➡️,🧎🏾‍♀️‍➡️,🧎🏿‍♀️‍➡️,🧎‍♂️,🧎🏻‍♂️,🧎🏼‍♂️,🧎🏽‍♂️,🧎🏾‍♂️,🧎🏿‍♂️,🧎‍♂️‍➡️,🧎🏻‍♂️‍➡️,🧎🏼‍♂️‍➡️,🧎🏽‍♂️‍➡️,🧎🏾‍♂️‍➡️,🧎🏿‍♂️‍➡️
🧑‍🦼,🧑‍🦼,🧑🏻‍🦼,🧑🏼‍🦼,🧑🏽‍🦼,🧑🏾‍🦼,🧑🏿‍🦼,🧑‍🦼‍➡️,🧑🏻‍🦼‍➡️,🧑🏼‍🦼‍➡️,🧑🏽‍🦼‍➡️,🧑🏾‍🦼‍➡️,🧑🏿‍🦼‍➡️,👩‍🦼,👩🏻‍🦼,👩🏼‍🦼,👩🏽‍🦼,👩🏾‍🦼,👩🏿‍🦼,👩‍🦼‍➡️,👩🏻‍🦼‍➡️,👩🏼‍🦼‍➡️,👩🏽‍🦼‍➡️,👩🏾‍🦼‍➡️,👩🏿‍🦼‍➡️,👨‍🦼,👨🏻‍🦼,👨🏼‍🦼,👨🏽‍🦼,👨🏾‍🦼,👨🏿‍🦼,👨‍🦼‍➡️,👨🏻‍🦼‍➡️,👨🏼‍🦼‍➡️,👨🏽‍🦼‍➡️,👨🏾‍🦼‍➡️,👨🏿‍🦼‍➡️
🧑‍🦽,🧑‍🦽,🧑🏻‍🦽,🧑🏼‍🦽,🧑🏽‍🦽,🧑🏾‍🦽,🧑🏿‍🦽,🧑‍🦽‍➡️,🧑🏻‍🦽‍➡️,🧑🏼‍🦽‍➡️,🧑🏽‍🦽‍➡️,🧑🏾‍🦽‍➡️,🧑🏿‍🦽‍➡️,👩‍🦽,👩🏻‍🦽,👩🏼‍🦽,👩🏽‍🦽,👩🏾‍🦽,👩🏿‍🦽,👩‍🦽‍➡️,👩🏻‍🦽‍➡️,👩🏼‍🦽‍➡️,👩🏽‍🦽‍➡️,👩🏾‍🦽‍➡️,👩🏿‍🦽‍➡️,👨‍🦽,👨🏻‍🦽,👨🏼‍🦽,👨🏽‍🦽,👨🏾‍🦽,👨🏿‍🦽,👨‍🦽‍➡️,👨🏻‍🦽‍➡️,👨🏼‍🦽‍➡️,👨🏽‍🦽‍➡️,👨🏾‍🦽‍➡️,👨🏿‍🦽‍➡️
🧑‍🦯,🧑‍🦯,🧑🏻‍🦯,🧑🏼‍🦯,🧑🏽‍🦯,🧑🏾‍🦯,🧑🏿‍🦯,🧑‍🦯‍➡️,🧑🏻‍🦯‍➡️,🧑🏼‍🦯‍➡️,🧑🏽‍🦯‍➡️,🧑🏾‍🦯‍➡️,🧑🏿‍🦯‍➡️,👩‍🦯,👩🏻‍🦯,👩🏼‍🦯,👩🏽‍🦯,👩🏾‍🦯,👩🏿‍🦯,👩‍🦯‍➡️,👩🏻‍🦯‍➡️,👩🏼‍🦯‍➡️,👩🏽‍🦯‍➡️,👩🏾‍🦯‍➡️,👩🏿‍🦯‍➡️,👨‍🦯,👨🏻‍🦯,👨🏼‍🦯,👨🏽‍🦯,👨🏾‍🦯,👨🏿‍🦯,👨‍🦯‍➡️,👨🏻‍🦯‍➡️,👨🏼‍🦯‍➡️,👨🏽‍🦯‍➡️,👨🏾‍🦯‍➡️,👨🏿‍🦯‍➡️
🚶,🚶,🚶🏻,🚶🏼,🚶🏽,🚶🏾,🚶🏿,🚶‍➡️,🚶🏻‍➡️,🚶🏼‍➡️,🚶🏽‍➡️,🚶🏾‍➡️,🚶🏿‍➡️,🚶‍♀️,🚶🏻‍♀️,🚶🏼‍♀️,🚶🏽‍♀️,🚶🏾‍♀️,🚶🏿‍♀️,🚶‍♀️‍➡️,🚶🏻‍♀️‍➡️,🚶🏼‍♀️‍➡️,🚶🏽‍♀️‍➡️,🚶🏾‍♀️‍➡️,🚶🏿‍♀️‍➡️,🚶‍♂️,🚶🏻‍♂️,🚶🏼‍♂️,🚶🏽‍♂️,🚶🏾‍♂️,🚶🏿‍♂️,🚶‍♂️‍➡️,🚶🏻‍♂️‍➡️,🚶🏼‍♂️‍➡️,🚶🏽‍♂️‍➡️,🚶🏾‍♂️‍➡️,🚶🏿‍♂️‍➡️
🏃,🏃,🏃🏻,🏃🏼,🏃🏽,🏃🏾,🏃🏿,🏃‍➡️,🏃🏻‍➡️,🏃🏼‍➡️,🏃🏽‍➡️,🏃🏾‍➡️,🏃🏿‍➡️,🏃‍♀️,🏃🏻‍♀️,🏃🏼‍♀️,🏃🏽‍♀️,🏃🏾‍♀️,🏃🏿‍♀️,🏃‍♀️‍➡️,🏃🏻‍♀️‍➡️,🏃🏼‍♀️‍➡️,🏃🏽‍♀️‍➡️,🏃🏾‍♀️‍➡️,🏃🏿‍♀️‍➡️,🏃‍♂️,🏃🏻‍♂️,🏃🏼‍♂️,🏃🏽‍♂️,🏃🏾‍♂️,🏃🏿‍♂️,🏃‍♂️‍➡️,🏃🏻‍♂️‍➡️,🏃🏼‍♂️‍➡️,🏃🏽‍♂️‍➡️,🏃🏾‍♂️‍➡️,🏃🏿‍♂️‍➡️
⛹️,⛹️,⛹🏻,⛹🏼,⛹🏽,⛹🏾,⛹🏿,⛹️‍♀️,⛹🏻‍♀️,⛹🏼‍♀️,⛹🏽‍♀️,⛹🏾‍♀️,⛹🏿‍♀️,⛹️‍♂️,⛹🏻‍♂️,⛹🏼‍♂️,⛹🏽‍♂️,⛹🏾‍♂️,⛹🏿‍♂️
🤾,🤾,🤾🏻,🤾🏼,🤾🏽,🤾🏾,🤾🏿,🤾‍♀️,🤾🏻‍♀️,🤾🏼‍♀️,🤾🏽‍♀️,🤾🏾‍♀️,🤾🏿‍♀️,🤾‍♂️,🤾🏻‍♂️,🤾🏼‍♂️,🤾🏽‍♂️,🤾🏾‍♂️,🤾🏿‍♂️
🚴,🚴,🚴🏻,🚴🏼,🚴🏽,🚴🏾,🚴🏿,🚴‍♀️,🚴🏻‍♀️,🚴🏼‍♀️,🚴🏽‍♀️,🚴🏾‍♀️,🚴🏿‍♀️,🚴‍♂️,🚴🏻‍♂️,🚴🏼‍♂️,🚴🏽‍♂️,🚴🏾‍♂️,🚴🏿‍♂️
🚵,🚵,🚵🏻,🚵🏼,🚵🏽,🚵🏾,🚵🏿,🚵‍♀️,🚵🏻‍♀️,🚵🏼‍♀️,🚵🏽‍♀️,🚵🏾‍♀️,🚵🏿‍♀️,🚵‍♂️,🚵🏻‍♂️,🚵🏼‍♂️,🚵🏽‍♂️,🚵🏾‍♂️,🚵🏿‍♂️
🧗,🧗,🧗🏻,🧗🏼,🧗🏽,🧗🏾,🧗🏿,🧗‍♀️,🧗🏻‍♀️,🧗🏼‍♀️,🧗🏽‍♀️,🧗🏾‍♀️,🧗🏿‍♀️,🧗‍♂️,🧗🏻‍♂️,🧗🏼‍♂️,🧗🏽‍♂️,🧗🏾‍♂️,🧗🏿‍♂️
🏋️,🏋️,🏋🏻,🏋🏼,🏋🏽,🏋🏾,🏋🏿,🏋️‍♀️,🏋🏻‍♀️,🏋🏼‍♀️,🏋🏽‍♀️,🏋🏾‍♀️,🏋🏿‍♀️,🏋️‍♂️,🏋🏻‍♂️,🏋🏼‍♂️,🏋🏽‍♂️,🏋🏾‍♂️,🏋🏿‍♂️
🤼,🤼,🤼‍♀️,🤼‍♂️
🤹,🤹,🤹🏻,🤹🏼,🤹🏽,🤹🏾,🤹🏿,🤹‍♀️,🤹🏻‍♀️,🤹🏼‍♀️,🤹🏽‍♀️,🤹🏾‍♀️,🤹🏿‍♀️,🤹‍♂️,🤹🏻‍♂️,🤹🏼‍♂️,🤹🏽‍♂️,🤹🏾‍♂️,🤹🏿‍♂️
🏌️,🏌️,🏌🏻,🏌🏼,🏌🏽,🏌🏾,🏌🏿,🏌️‍♀️,🏌🏻‍♀️,🏌🏼‍♀️,🏌🏽‍♀️,🏌🏾‍♀️,🏌🏿‍♀️,🏌️‍♂️,🏌🏻‍♂️,🏌🏼‍♂️,🏌🏽‍♂️,🏌🏾‍♂️,🏌🏿‍♂️
🏇,🏇,🏇🏻,🏇🏼,🏇🏽,🏇🏾,🏇🏿
🤺
⛷️
🏂,🏂,🏂🏻,🏂🏼,🏂🏽,🏂🏾,🏂🏿
🪂
🏄,🏄,🏄🏻,🏄🏼,🏄🏽,🏄🏾,🏄🏿,🏄‍♀️,🏄🏻‍♀️,🏄🏼‍♀️,🏄🏽‍♀️,🏄🏾‍♀️,🏄🏿‍♀️,🏄‍♂️,🏄🏻‍♂️,🏄🏼‍♂️,🏄🏽‍♂️,🏄🏾‍♂️,🏄🏿‍♂️
🚣,🚣,🚣🏻,🚣🏼,🚣🏽,🚣🏾,🚣🏿,🚣‍♀️,🚣🏻‍♀️,🚣🏼‍♀️,🚣🏽‍♀️,🚣🏾‍♀️,🚣🏿‍♀️,🚣‍♂️,🚣🏻‍♂️,🚣🏼‍♂️,🚣🏽‍♂️,🚣🏾‍♂️,🚣🏿‍♂️
🏊,🏊,🏊🏻,🏊🏼,🏊🏽,🏊🏾,🏊🏿,🏊‍♀️,🏊🏻‍♀️,🏊🏼‍♀️,🏊🏽‍♀️,🏊🏾‍♀️,🏊🏿‍♀️,🏊‍♂️,🏊🏻‍♂️,🏊🏼‍♂️,🏊🏽‍♂️,🏊🏾‍♂️,🏊🏿‍♂️
🤽,🤽,🤽🏻,🤽🏼,🤽🏽,🤽🏾,🤽🏿,🤽‍♀️,🤽🏻‍♀️,🤽🏼‍♀️,🤽🏽‍♀️,🤽🏾‍♀️,🤽🏿‍♀️,🤽‍♂️,🤽🏻‍♂️,🤽🏼‍♂️,🤽🏽‍♂️,🤽🏾‍♂️,🤽🏿‍♂️
🧜,🧜,🧜🏻,🧜🏼,🧜🏽,🧜🏾,🧜🏿,🧜‍♀️,🧜🏻‍♀️,🧜🏼‍♀️,🧜🏽‍♀️,🧜🏾‍♀️,🧜🏿‍♀️,🧜‍♂️,🧜🏻‍♂️,🧜🏼‍♂️,🧜🏽‍♂️,🧜🏾‍♂️,🧜🏿‍♂️
🧚,🧚,🧚🏻,🧚🏼,🧚🏽,🧚🏾,🧚🏿,🧚‍♀️,🧚🏻‍♀️,🧚🏼‍♀️,🧚🏽‍♀️,🧚🏾‍♀️,🧚🏿‍♀️,🧚‍♂️,🧚🏻‍♂️,🧚🏼‍♂️,🧚🏽‍♂️,🧚🏾‍♂️,🧚🏿‍♂️
🧞,🧞,🧞‍♀️,🧞‍♂️
🧝,🧝,🧝🏻,🧝🏼,🧝🏽,🧝🏾,🧝🏿,🧝‍♀️,🧝🏻‍♀️,🧝🏼‍♀️,🧝🏽‍♀️,🧝🏾‍♀️,🧝🏿‍♀️,🧝‍♂️,🧝🏻‍♂️,🧝🏼‍♂️,🧝🏽‍♂️,🧝🏾‍♂️,🧝🏿‍♂️
🧙,🧙,🧙🏻,🧙🏼,🧙🏽,🧙🏾,🧙🏿,🧙‍♀️,🧙🏻‍♀️,🧙🏼‍♀️,🧙🏽‍♀️,🧙🏾‍♀️,🧙🏿‍♀️,🧙‍♂️,🧙🏻‍♂️,🧙🏼‍♂️,🧙🏽‍♂️,🧙🏾‍♂️,🧙🏿‍♂️
🧛,🧛,🧛🏻,🧛🏼,🧛🏽,🧛🏾,🧛🏿,🧛‍♀️,🧛🏻‍♀️,🧛🏼‍♀️,🧛🏽‍♀️,🧛🏾‍♀️,🧛🏿‍♀️,🧛‍♂️,🧛🏻‍♂️,🧛🏼‍♂️,🧛🏽‍♂️,🧛🏾‍♂️,🧛🏿‍♂️
🧟,🧟,🧟‍♀️,🧟‍♂️
🧌
🦸,🦸,🦸🏻,🦸🏼,🦸🏽,🦸🏾,🦸🏿,🦸‍♀️,🦸🏻‍♀️,🦸🏼‍♀️,🦸🏽‍♀️,🦸🏾‍♀️,🦸🏿‍♀️,🦸‍♂️,🦸🏻‍♂️,🦸🏼‍♂️,🦸🏽‍♂️,🦸🏾‍♂️,🦸🏿‍♂️
🦹,🦹,🦹🏻,🦹🏼,🦹🏽,🦹🏾,🦹🏿,🦹‍♀️,🦹🏻‍♀️,🦹🏼‍♀️,🦹🏽‍♀️,🦹🏾‍♀️,🦹🏿‍♀️,🦹‍♂️,🦹🏻‍♂️,🦹🏼‍♂️,🦹🏽‍♂️,🦹🏾‍♂️,🦹🏿‍♂️
🥷,🥷,🥷🏻,🥷🏼,🥷🏽,🥷🏾,🥷🏿
🧑‍🎄,🧑‍🎄,🧑🏻‍🎄,🧑🏼‍🎄,🧑🏽‍🎄,🧑🏾‍🎄,🧑🏿‍🎄,🤶,🤶🏻,🤶🏼,🤶🏽,🤶🏾,🤶🏿,🎅,🎅🏻,🎅🏼,🎅🏽,🎅🏾,🎅🏿
👼,👼,👼🏻,👼🏼,👼🏽,👼🏾,👼🏿
💂,💂,💂🏻,💂🏼,💂🏽,💂🏾,💂🏿,💂‍♀️,💂🏻‍♀️,💂🏼‍♀️,💂🏽‍♀️,💂🏾‍♀️,💂🏿‍♀️,💂‍♂️,💂🏻‍♂️,💂🏼‍♂️,💂🏽‍♂️,💂🏾‍♂️,💂🏿‍♂️
🫅,🫅,🫅🏻,🫅🏼,🫅🏽,🫅🏾,🫅🏿,👸,👸🏻,👸🏼,👸🏽,👸🏾,👸🏿,🤴,🤴🏻,🤴🏼,🤴🏽,🤴🏾,🤴🏿
🤵,🤵,🤵🏻,🤵🏼,🤵🏽,🤵🏾,🤵🏿,🤵‍♀️,🤵🏻‍♀️,🤵🏼‍♀️,🤵🏽‍♀️,🤵🏾‍♀️,🤵🏿‍♀️,🤵‍♂️,🤵🏻‍♂️,🤵🏼‍♂️,🤵🏽‍♂️,🤵🏾‍♂️,🤵🏿‍♂️
👰,👰,👰🏻,👰🏼,👰🏽,👰🏾,👰🏿,👰‍♀️,👰🏻‍♀️,👰🏼‍♀️,👰🏽‍♀️,👰🏾‍♀️,👰🏿‍♀️,👰‍♂️,👰🏻‍♂️,👰🏼‍♂️,👰🏽‍♂️,👰🏾‍♂️,👰🏿‍♂️
🧑‍🚀,🧑‍🚀,🧑🏻‍🚀,🧑🏼‍🚀,🧑🏽‍🚀,🧑🏾‍🚀,🧑🏿‍🚀,👩‍🚀,👩🏻‍🚀,👩🏼‍🚀,👩🏽‍🚀,👩🏾‍🚀,👩🏿‍🚀,👨‍🚀,👨🏻‍🚀,👨🏼‍🚀,👨🏽‍🚀,👨🏾‍🚀,👨🏿‍🚀
👷,👷,👷🏻,👷🏼,👷🏽,👷🏾,👷🏿,👷‍♀️,👷🏻‍♀️,👷🏼‍♀️,👷🏽‍♀️,👷🏾‍♀️,👷🏿‍♀️,👷‍♂️,👷🏻‍♂️,👷🏼‍♂️,👷🏽‍♂️,👷🏾‍♂️,👷🏿‍♂️
👮,👮,👮🏻,👮🏼,👮🏽,👮🏾,👮🏿,👮‍♀️,👮🏻‍♀️,👮🏼‍♀️,👮🏽‍♀️,👮🏾‍♀️,👮🏿‍♀️,👮‍♂️,👮🏻‍♂️,👮🏼‍♂️,👮🏽‍♂️,👮🏾‍♂️,👮🏿‍♂️
🕵️,🕵️,🕵🏻,🕵🏼,🕵🏽,🕵🏾,🕵🏿,🕵️‍♀️,🕵🏻‍♀️,🕵🏼‍♀️,🕵🏽‍♀️,🕵🏾‍♀️,🕵🏿‍♀️,🕵️‍♂️,🕵🏻‍♂️,🕵🏼‍♂️,🕵🏽‍♂️,🕵🏾‍♂️,🕵🏿‍♂️
🧑‍✈️,🧑‍✈️,🧑🏻‍✈️,🧑🏼‍✈️,🧑🏽‍✈️,🧑🏾‍✈️,🧑🏿‍✈️,👩‍✈️,👩🏻‍✈️,👩🏼‍✈️,👩🏽‍✈️,👩🏾‍✈️,👩🏿‍✈️,👨‍✈️,👨🏻‍✈️,👨🏼‍✈️,👨🏽‍✈️,👨🏾‍✈️,👨🏿‍✈️
🧑‍🔬,🧑‍🔬,🧑🏻‍🔬,🧑🏼‍🔬,🧑🏽‍🔬,🧑🏾‍🔬,🧑🏿‍🔬,👩‍🔬,👩🏻‍🔬,👩🏼‍🔬,👩🏽‍🔬,👩🏾‍🔬,👩🏿‍🔬,👨‍🔬,👨🏻‍🔬,👨🏼‍🔬,👨🏽‍🔬,👨🏾‍🔬,👨🏿‍🔬
🧑‍⚕️,🧑‍⚕️,🧑🏻‍⚕️,🧑🏼‍⚕️,🧑🏽‍⚕️,🧑🏾‍⚕️,🧑🏿‍⚕️,👩‍⚕️,👩🏻‍⚕️,👩🏼‍⚕️,👩🏽‍⚕️,👩🏾‍⚕️,👩🏿‍⚕️,👨‍⚕️,👨🏻‍⚕️,👨🏼‍⚕️,👨🏽‍⚕️,👨🏾‍⚕️,👨🏿‍⚕️
🧑‍🔧,🧑‍🔧,🧑🏻‍🔧,🧑🏼‍🔧,🧑🏽‍🔧,🧑🏾‍🔧,🧑🏿‍🔧,👩‍🔧,👩🏻‍🔧,👩🏼‍🔧,👩🏽‍🔧,👩🏾‍🔧,👩🏿‍🔧,👨‍🔧,👨🏻‍🔧,👨🏼‍🔧,👨🏽‍🔧,👨🏾‍🔧,👨🏿‍🔧
🧑‍🏭,🧑‍🏭,🧑🏻‍🏭,🧑🏼‍🏭,🧑🏽‍🏭,🧑🏾‍🏭,🧑🏿‍🏭,👩‍🏭,👩🏻‍🏭,👩🏼‍🏭,👩🏽‍🏭,👩🏾‍🏭,👩🏿‍🏭,👨‍🏭,👨🏻‍🏭,👨🏼‍🏭,👨🏽‍🏭,👨🏾‍🏭,👨🏿‍🏭
🧑‍🚒,🧑‍🚒,🧑🏻‍🚒,🧑🏼‍🚒,🧑🏽‍🚒,🧑🏾‍🚒,🧑🏿‍🚒,👩‍🚒,👩🏻‍🚒,👩🏼‍🚒,👩🏽‍🚒,👩🏾‍🚒,👩🏿‍🚒,👨‍🚒,👨🏻‍🚒,👨🏼‍🚒,👨🏽‍🚒,👨🏾‍🚒,👨🏿‍🚒
🧑‍🌾,🧑‍🌾,🧑🏻‍🌾,🧑🏼‍🌾,🧑🏽‍🌾,🧑🏾‍🌾,🧑🏿‍🌾,👩‍🌾,👩🏻‍🌾,👩🏼‍🌾,👩🏽‍🌾,👩🏾‍🌾,👩🏿‍🌾,👨‍🌾,👨🏻‍🌾,👨🏼‍🌾,👨🏽‍🌾,👨🏾‍🌾,👨🏿‍🌾
🧑‍🏫,🧑‍🏫,🧑🏻‍🏫,🧑🏼‍🏫,🧑🏽‍🏫,🧑🏾‍🏫,🧑🏿‍🏫,👩‍🏫,👩🏻‍🏫,👩🏼‍🏫,👩🏽‍🏫,👩🏾‍🏫,👩🏿‍🏫,👨‍🏫,👨🏻‍🏫,👨🏼‍🏫,👨🏽‍🏫,👨🏾‍🏫,👨🏿‍🏫
🧑‍🎓,🧑‍🎓,🧑🏻‍🎓,🧑🏼‍🎓,🧑🏽‍🎓,🧑🏾‍🎓,🧑🏿‍🎓,👩‍🎓,👩🏻‍🎓,👩🏼‍🎓,👩🏽‍🎓,👩🏾‍🎓,👩🏿‍🎓,👨‍🎓,👨🏻‍🎓,👨🏼‍🎓,👨🏽‍🎓,👨🏾‍🎓,👨🏿‍🎓
🧑‍💼,🧑‍💼,🧑🏻‍💼,🧑🏼‍💼,🧑🏽‍💼,🧑🏾‍💼,🧑🏿‍💼,👩‍💼,👩🏻‍💼,👩🏼‍💼,👩🏽‍💼,👩🏾‍💼,👩🏿‍💼,👨‍💼,👨🏻‍💼,👨🏼‍💼,👨🏽‍💼,👨🏾‍💼,👨🏿‍💼
🧑‍⚖️,🧑‍⚖️,🧑🏻‍⚖️,🧑🏼‍⚖️,🧑🏽‍⚖️,🧑🏾‍⚖️,🧑🏿‍⚖️,👩‍⚖️,👩🏻‍⚖️,👩🏼‍⚖️,👩🏽‍⚖️,👩🏾‍⚖️,👩🏿‍⚖️,👨‍⚖️,👨🏻‍⚖️,👨🏼‍⚖️,👨🏽‍⚖️,👨🏾‍⚖️,👨🏿‍⚖️
🧑‍💻,🧑‍💻,🧑🏻‍💻,🧑🏼‍💻,🧑🏽‍💻,🧑🏾‍💻,🧑🏿‍💻,👩‍💻,👩🏻‍💻,👩🏼‍💻,👩🏽‍💻,👩🏾‍💻,👩🏿‍💻,👨‍💻,👨🏻‍💻,👨🏼‍💻,👨🏽‍💻,👨🏾‍💻,👨🏿‍💻
🧑‍🎤,🧑‍🎤,🧑🏻‍🎤,🧑🏼‍🎤,🧑🏽‍🎤,🧑🏾‍🎤,🧑🏿‍🎤,👩‍🎤,👩🏻‍🎤,👩🏼‍🎤,👩🏽‍🎤,👩🏾‍🎤,👩🏿‍🎤,👨‍🎤,👨🏻‍🎤,👨🏼‍🎤,👨🏽‍🎤,👨🏾‍🎤,👨🏿‍🎤
🧑‍🎨,🧑‍🎨,🧑🏻‍🎨,🧑🏼‍🎨,🧑🏽‍🎨,🧑🏾‍🎨,🧑🏿‍🎨,👩‍🎨,👩🏻‍🎨,👩🏼‍🎨,👩🏽‍🎨,👩🏾‍🎨,👩🏿‍🎨,👨‍🎨,👨🏻‍🎨,👨🏼‍🎨,👨🏽‍🎨,👨🏾‍🎨,👨🏿‍🎨
🧑‍🍳,🧑‍🍳,🧑🏻‍🍳,🧑🏼‍🍳,🧑🏽‍🍳,🧑🏾‍🍳,🧑🏿‍🍳,👩‍🍳,👩🏻‍🍳,👩🏼‍🍳,👩🏽‍🍳,👩🏾‍🍳,👩🏿‍🍳,👨‍🍳,👨🏻‍🍳,👨🏼‍🍳,👨🏽‍🍳,👨🏾‍🍳,👨🏿‍🍳
👳,👳,👳🏻,👳🏼,👳🏽,👳🏾,👳🏿,👳‍♀️,👳🏻‍♀️,👳🏼‍♀️,👳🏽‍♀️,👳🏾‍♀️,👳🏿‍♀️,👳‍♂️,👳🏻‍♂️,👳🏼‍♂️,👳🏽‍♂️,👳🏾‍♂️,👳🏿‍♂️
🧕,🧕,🧕🏻,🧕🏼,🧕🏽,🧕🏾,🧕🏿
👲,👲,👲🏻,👲🏼,👲🏽,👲🏾,👲🏿
👶,👶,👶🏻,👶🏼,👶🏽,👶🏾,👶🏿
🧒,🧒,🧒🏻,🧒🏼,🧒🏽,🧒🏾,🧒🏿,👧,👧🏻,👧🏼,👧🏽,👧🏾,👧🏿,👦,👦🏻,👦🏼,👦🏽,👦🏾,👦🏿
🧑,🧑,🧑🏻,🧑🏼,🧑🏽,🧑🏾,🧑🏿,👩,👩🏻,👩🏼,👩🏽,👩🏾,👩🏿,👨,👨🏻,👨🏼,👨🏽,👨🏾,👨🏿
🧓,🧓,🧓🏻,🧓🏼,🧓🏽,🧓🏾,🧓🏿,👵,👵🏻,👵🏼,👵🏽,👵🏾,👵🏿,👴,👴🏻,👴🏼,👴🏽,👴🏾,👴🏿
🧑‍🦳,🧑‍🦳,🧑🏻‍🦳,🧑🏼‍🦳,🧑🏽‍🦳,🧑🏾‍🦳,🧑🏿‍🦳,👩‍🦳,👩🏻‍🦳,👩🏼‍🦳,👩🏽‍🦳,👩🏾‍🦳,👩🏿‍🦳,👨‍🦳,👨🏻‍🦳,👨🏼‍🦳,👨🏽‍🦳,👨🏾‍🦳,👨🏿‍🦳
🧑‍🦰,🧑‍🦰,🧑🏻‍🦰,🧑🏼‍🦰,🧑🏽‍🦰,🧑🏾‍🦰,🧑🏿‍🦰,👩‍🦰,👩🏻‍🦰,👩🏼‍🦰,👩🏽‍🦰,👩🏾‍🦰,👩🏿‍🦰,👨‍🦰,👨🏻‍🦰,👨🏼‍🦰,👨🏽‍🦰,👨🏾‍🦰,👨🏿‍🦰
👱,👱,👱🏻,👱🏼,👱🏽,👱🏾,👱🏿,👱‍♀️,👱🏻‍♀️,👱🏼‍♀️,👱🏽‍♀️,👱🏾‍♀️,👱🏿‍♀️,👱‍♂️,👱🏻‍♂️,👱🏼‍♂️,👱🏽‍♂️,👱🏾‍♂️,👱🏿‍♂️
🧑‍🦱,🧑‍🦱,🧑🏻‍🦱,🧑🏼‍🦱,🧑🏽‍🦱,🧑🏾‍🦱,🧑🏿‍🦱,👩‍🦱,👩🏻‍🦱,👩🏼‍🦱,👩🏽‍🦱,👩🏾‍🦱,👩🏿‍🦱,👨‍🦱,👨🏻‍🦱,👨🏼‍🦱,👨🏽‍🦱,👨🏾‍🦱,👨🏿‍🦱
🧑‍🦲,🧑‍🦲,🧑🏻‍🦲,🧑🏼‍🦲,🧑🏽‍🦲,🧑🏾‍🦲,🧑🏿‍🦲,👩‍🦲,👩🏻‍🦲,👩🏼‍🦲,👩🏽‍🦲,👩🏾‍🦲,👩🏿‍🦲,👨‍🦲,👨🏻‍🦲,👨🏼‍🦲,👨🏽‍🦲,👨🏾‍🦲,👨🏿‍🦲
🧔,🧔,🧔🏻,🧔🏼,🧔🏽,🧔🏾,🧔🏿,🧔‍♀️,🧔🏻‍♀️,🧔🏼‍♀️,🧔🏽‍♀️,🧔🏾‍♀️,🧔🏿‍♀️,🧔‍♂️,🧔🏻‍♂️,🧔🏼‍♂️,🧔🏽‍♂️,🧔🏾‍♂️,🧔🏿‍♂️
🕴️,🕴️,🕴🏻,🕴🏼,🕴🏽,🕴🏾,🕴🏿
💃,💃,💃🏻,💃🏼,💃🏽,💃🏾,💃🏿
🕺,🕺,🕺🏻,🕺🏼,🕺🏽,🕺🏾,🕺🏿
👯,👯,👯‍♂️,👯‍♀️
🧑‍🤝‍🧑,🧑‍🤝‍🧑,🧑🏻‍🤝‍🧑🏻,🧑🏻‍🤝‍🧑🏼,🧑🏻‍🤝‍🧑🏽,🧑🏻‍🤝‍🧑🏾,🧑🏻‍🤝‍🧑🏿, ,🧑🏼‍🤝‍🧑🏻,🧑🏼‍🤝‍🧑🏼,🧑🏼‍🤝‍🧑🏽,🧑🏼‍🤝‍🧑🏾,🧑🏼‍🤝‍🧑🏿, ,🧑🏽‍🤝‍🧑🏻,🧑🏽‍🤝‍🧑🏼,🧑🏽‍🤝‍🧑🏽,🧑🏽‍🤝‍🧑🏾,🧑🏽‍🤝‍🧑🏿, ,🧑🏾‍🤝‍🧑🏻,🧑🏾‍🤝‍🧑🏼,🧑🏾‍🤝‍🧑🏽,🧑🏾‍🤝‍🧑🏾,🧑🏾‍🤝‍🧑🏿, ,🧑🏿‍🤝‍🧑🏻,🧑🏿‍🤝‍🧑🏼,🧑🏿‍🤝‍🧑🏽,🧑🏿‍🤝‍🧑🏾,🧑🏿‍🤝‍🧑🏿
👭,👭,👭🏻,👩🏻‍🤝‍👩🏼,👩🏻‍🤝‍👩🏽,👩🏻‍🤝‍👩🏾,👩🏻‍🤝‍👩🏿, ,👩🏼‍🤝‍👩🏻,👭🏼,👩🏼‍🤝‍👩🏽,👩🏼‍🤝‍👩🏾,👩🏼‍🤝‍👩🏿, ,👩🏽‍🤝‍👩🏻,👩🏽‍🤝‍👩🏼,👭🏽,👩🏽‍🤝‍👩🏾,👩🏽‍🤝‍👩🏿, ,👩🏾‍🤝‍👩🏻,👩🏾‍🤝‍👩🏼,👩🏾‍🤝‍👩🏽,👭🏾,👩🏾‍🤝‍👩🏿, ,👩🏿‍🤝‍👩🏻,👩🏿‍🤝‍👩🏼,👩🏿‍🤝‍👩🏽,👩🏿‍🤝‍👩🏾,👭🏿
👬,👬,👬🏻,👨🏻‍🤝‍👨🏼,👨🏻‍🤝‍👨🏽,👨🏻‍🤝‍👨🏾,👨🏻‍🤝‍👨🏿, ,👨🏼‍🤝‍👨🏻,👬🏼,👨🏼‍🤝‍👨🏽,👨🏼‍🤝‍👨🏾,👨🏼‍🤝‍👨🏿, ,👨🏽‍🤝‍👨🏻,👨🏽‍🤝‍👨🏼,👬🏽,👨🏽‍🤝‍👨🏾,👨🏽‍🤝‍👨🏿, ,👨🏾‍🤝‍👨🏻,👨🏾‍🤝‍👨🏼,👨🏾‍🤝‍👨🏽,👬🏾,👨🏾‍🤝‍👨🏿, ,👨🏿‍🤝‍👨🏻,👨🏿‍🤝‍👨🏼,👨🏿‍🤝‍👨🏽,👨🏿‍🤝‍👨🏾,👬🏿
👫,👫,👫🏻,👩🏻‍🤝‍👨🏼,👩🏻‍🤝‍👨🏽,👩🏻‍🤝‍👨🏾,👩🏻‍🤝‍👨🏿, ,👩🏼‍🤝‍👨🏻,👫🏼,👩🏼‍🤝‍👨🏽,👩🏼‍🤝‍👨🏾,👩🏼‍🤝‍👨🏿, ,👩🏽‍🤝‍👨🏻,👩🏽‍🤝‍👨🏼,👫🏽,👩🏽‍🤝‍👨🏾,👩🏽‍🤝‍👨🏿, ,👩🏾‍🤝‍👨🏻,👩🏾‍🤝‍👨🏼,👩🏾‍🤝‍👨🏽,👫🏾,👩🏾‍🤝‍👨🏿, ,👩🏿‍🤝‍👨🏻,👩🏿‍🤝‍👨🏼,👩🏿‍🤝‍👨🏽,👩🏿‍🤝‍👨🏾,👫🏿
💏,💏,💏🏻,🧑🏻‍❤️‍💋‍🧑🏼,🧑🏻‍❤️‍💋‍🧑🏽,🧑🏻‍❤️‍💋‍🧑🏾,🧑🏻‍❤️‍💋‍🧑🏿, ,🧑🏼‍❤️‍💋‍🧑🏻,💏🏼,🧑🏼‍❤️‍💋‍🧑🏽,🧑🏼‍❤️‍💋‍🧑🏾,🧑🏼‍❤️‍💋‍🧑🏿, ,🧑🏽‍❤️‍💋‍🧑🏻,🧑🏽‍❤️‍💋‍🧑🏼,💏🏽,🧑🏽‍❤️‍💋‍🧑🏾,🧑🏽‍❤️‍💋‍🧑🏿, ,🧑🏾‍❤️‍💋‍🧑🏻,🧑🏾‍❤️‍💋‍🧑🏼,🧑🏾‍❤️‍💋‍🧑🏽,💏🏾,🧑🏾‍❤️‍💋‍🧑🏿, ,🧑🏿‍❤️‍💋‍🧑🏻,🧑🏿‍❤️‍💋‍🧑🏼,🧑🏿‍❤️‍💋‍🧑🏽,🧑🏿‍❤️‍💋‍🧑🏾,💏🏿
👩‍❤️‍💋‍👨,👩‍❤️‍💋‍👨,👩🏻‍❤️‍💋‍👨🏻,👩🏻‍❤️‍💋‍👨🏼,👩🏻‍❤️‍💋‍👨🏽,👩🏻‍❤️‍💋‍👨🏾,👩🏻‍❤️‍💋‍👨🏿, ,👩🏼‍❤️‍💋‍👨🏻,👩🏼‍❤️‍💋‍👨🏼,👩🏼‍❤️‍💋‍👨🏽,👩🏼‍❤️‍💋‍👨🏾,👩🏼‍❤️‍💋‍👨🏿, ,👩🏽‍❤️‍💋‍👨🏻,👩🏽‍❤️‍💋‍👨🏼,👩🏽‍❤️‍💋‍👨🏽,👩🏽‍❤️‍💋‍👨🏾,👩🏽‍❤️‍💋‍👨🏿, ,👩🏾‍❤️‍💋‍👨🏻,👩🏾‍❤️‍💋‍👨🏼,👩🏾‍❤️‍💋‍👨🏽,👩🏾‍❤️‍💋‍👨🏾,👩🏾‍❤️‍💋‍👨🏿, ,👩🏿‍❤️‍💋‍👨🏻,👩🏿‍❤️‍💋‍👨🏼,👩🏿‍❤️‍💋‍👨🏽,👩🏿‍❤️‍💋‍👨🏾,👩🏿‍❤️‍💋‍👨🏿
👨‍❤️‍💋‍👨,👨‍❤️‍💋‍👨,👨🏻‍❤️‍💋‍👨🏻,👨🏻‍❤️‍💋‍👨🏼,👨🏻‍❤️‍💋‍👨🏽,👨🏻‍❤️‍💋‍👨🏾,👨🏻‍❤️‍💋‍👨🏿, ,👨🏼‍❤️‍💋‍👨🏻,👨🏼‍❤️‍💋‍👨🏼,👨🏼‍❤️‍💋‍👨🏽,👨🏼‍❤️‍💋‍👨🏾,👨🏼‍❤️‍💋‍👨🏿, ,👨🏽‍❤️‍💋‍👨🏻,👨🏽‍❤️‍💋‍👨🏼,👨🏽‍❤️‍💋‍👨🏽,👨🏽‍❤️‍💋‍👨🏾,👨🏽‍❤️‍💋‍👨🏿, ,👨🏾‍❤️‍💋‍👨🏻,👨🏾‍❤️‍💋‍👨🏼,👨🏾‍❤️‍💋‍👨🏽,👨🏾‍❤️‍💋‍👨🏾,👨🏾‍❤️‍💋‍👨🏿, ,👨🏿‍❤️‍💋‍👨🏻,👨🏿‍❤️‍💋‍👨🏼,👨🏿‍❤️‍💋‍👨🏽,👨🏿‍❤️‍💋‍👨🏾,👨🏿‍❤️‍💋‍👨🏿
👩‍❤️‍💋‍👩,👩‍❤️‍💋‍👩,👩🏻‍❤️‍💋‍👩🏻,👩🏻‍❤️‍💋‍👩🏼,👩🏻‍❤️‍💋‍👩🏽,👩🏻‍❤️‍💋‍👩🏾,👩🏻‍❤️‍💋‍👩🏿, ,👩🏼‍❤️‍💋‍👩🏻,👩🏼‍❤️‍💋‍👩🏼,👩🏼‍❤️‍💋‍👩🏽,👩🏼‍❤️‍💋‍👩🏾,👩🏼‍❤️‍💋‍👩🏿, ,👩🏽‍❤️‍💋‍👩🏻,👩🏽‍❤️‍💋‍👩🏼,👩🏽‍❤️‍💋‍👩🏽,👩🏽‍❤️‍💋‍👩🏾,👩🏽‍❤️‍💋‍👩🏿, ,👩🏾‍❤️‍💋‍👩🏻,👩🏾‍❤️‍💋‍👩🏼,👩🏾‍❤️‍💋‍👩🏽,👩🏾‍❤️‍💋‍👩🏾,👩🏾‍❤️‍💋‍👩🏿, ,👩🏿‍❤️‍💋‍👩🏻,👩🏿‍❤️‍💋‍👩🏼,👩🏿‍❤️‍💋‍👩🏽,👩🏿‍❤️‍💋‍👩🏾,👩🏿‍❤️‍💋‍👩🏿
💑,💑,💑🏻,🧑🏻‍❤️‍🧑🏼,🧑🏻‍❤️‍🧑🏽,🧑🏻‍❤️‍🧑🏾,🧑🏻‍❤️‍🧑🏿, ,🧑🏼‍❤️‍🧑🏻,💑🏼,🧑🏼‍❤️‍🧑🏽,🧑🏼‍❤️‍🧑🏾,🧑🏼‍❤️‍🧑🏿, ,🧑🏽‍❤️‍🧑🏻,🧑🏽‍❤️‍🧑🏼,💑🏽,🧑🏽‍❤️‍🧑🏾,🧑🏽‍❤️‍🧑🏿, ,🧑🏾‍❤️‍🧑🏻,🧑🏾‍❤️‍🧑🏼,🧑🏾‍❤️‍🧑🏽,💑🏾,🧑🏾‍❤️‍🧑🏿, ,🧑🏿‍❤️‍🧑🏻,🧑🏿‍❤️‍🧑🏼,🧑🏿‍❤️‍🧑🏽,🧑🏿‍❤️‍🧑🏾,💑🏿
👩‍❤️‍👨,👩‍❤️‍👨,👩🏻‍❤️‍👨🏻,👩🏻‍❤️‍👨🏼,👩🏻‍❤️‍👨🏽,👩🏻‍❤️‍👨🏾,👩🏻‍❤️‍👨🏿, ,👩🏼‍❤️‍👨🏻,👩🏼‍❤️‍👨🏼,👩🏼‍❤️‍👨🏽,👩🏼‍❤️‍👨🏾,👩🏼‍❤️‍👨🏿, ,👩🏽‍❤️‍👨🏻,👩🏽‍❤️‍👨🏼,👩🏽‍❤️‍👨🏽,👩🏽‍❤️‍👨🏾,👩🏽‍❤️‍👨🏿, ,👩🏾‍❤️‍👨🏻,👩🏾‍❤️‍👨🏼,👩🏾‍❤️‍👨🏽,👩🏾‍❤️‍👨🏾,👩🏾‍❤️‍👨🏿, ,👩🏿‍❤️‍👨🏻,👩🏿‍❤️‍👨🏼,👩🏿‍❤️‍👨🏽,👩🏿‍❤️‍👨🏾,👩🏿‍❤️‍👨🏿
👨‍❤️‍👨,👨‍❤️‍👨,👨🏻‍❤️‍👨🏻,👨🏻‍❤️‍👨🏼,👨🏻‍❤️‍👨🏽,👨🏻‍❤️‍👨🏾,👨🏻‍❤️‍👨🏿, ,👨🏼‍❤️‍👨🏻,👨🏼‍❤️‍👨🏼,👨🏼‍❤️‍👨🏽,👨🏼‍❤️‍👨🏾,👨🏼‍❤️‍👨🏿, ,👨🏽‍❤️‍👨🏻,👨🏽‍❤️‍👨🏼,👨🏽‍❤️‍👨🏽,👨🏽‍❤️‍👨🏾,👨🏽‍❤️‍👨🏿, ,👨🏾‍❤️‍👨🏻,👨🏾‍❤️‍👨🏼,👨🏾‍❤️‍👨🏽,👨🏾‍❤️‍👨🏾,👨🏾‍❤️‍👨🏿, ,👨🏿‍❤️‍👨🏻,👨🏿‍❤️‍👨🏼,👨🏿‍❤️‍👨🏽,👨🏿‍❤️‍👨🏾,👨🏿‍❤️‍👨🏿
👩‍❤️‍👩,👩‍❤️‍👩,👩🏻‍❤️‍👩🏻,👩🏻‍❤️‍👩🏼,👩🏻‍❤️‍👩🏽,👩🏻‍❤️‍👩🏾,👩🏻‍❤️‍👩🏿, ,👩🏼‍❤️‍👩🏻,👩🏼‍❤️‍👩🏼,👩🏼‍❤️‍👩🏽,👩🏼‍❤️‍👩🏾,👩🏼‍❤️‍👩🏿, ,👩🏽‍❤️‍👩🏻,👩🏽‍❤️‍👩🏼,👩🏽‍❤️‍👩🏽,👩🏽‍❤️‍👩🏾,👩🏽‍❤️‍👩🏿, ,👩🏾‍❤️‍👩🏻,👩🏾‍❤️‍👩🏼,👩🏾‍❤️‍👩🏽,👩🏾‍❤️‍👩🏾,👩🏾‍❤️‍👩🏿, ,👩🏿‍❤️‍👩🏻,👩🏿‍❤️‍👩🏼,👩🏿‍❤️‍👩🏽,👩🏿‍❤️‍👩🏾,👩🏿‍❤️‍👩🏿
🫄,🫄,🫄🏻,🫄🏼,🫄🏽,🫄🏾,🫄🏿,🤰,🤰🏻,🤰🏼,🤰🏽,🤰🏾,🤰🏿,🫃,🫃🏻,🫃🏼,🫃🏽,🫃🏾,🫃🏿
🤱,🤱,🤱🏻,🤱🏼,🤱🏽,🤱🏾,🤱🏿
🧑‍🍼,🧑‍🍼,🧑🏻‍🍼,🧑🏼‍🍼,🧑🏽‍🍼,🧑🏾‍🍼,🧑🏿‍🍼,👩‍🍼,👩🏻‍🍼,👩🏼‍🍼,👩🏽‍🍼,👩🏾‍🍼,👩🏿‍🍼,👨‍🍼,👨🏻‍🍼,👨🏼‍🍼,👨🏽‍🍼,👨🏾‍🍼,👨🏿‍🍼
